9,1,148,5,10423,24 CLASSIC,1
9,1,148,5,10424,24 ELIXIR,1
9,1,148,5,10425,24 GO DARK,1
9,1,148,5,10426,24 GOLD,1
9,1,148,5,10427,24 LIVE ,1
9,1,148,5,10428,24 PLATINUM,1
9,1,148,5,10429,25 LIVE ,1
9,1,148,5,10430,26 LIVE ,1
9,1,148,5,10431,27 LIVE ,1
9,135,90,5,10432,50 YEARS FORD MUSTANG,1
9,10,86,5,10433,ALAIA PARIS,1
9,12,73,5,10434,ALFRED SUNG PARADISE,1
9,17,77,5,10435,ANTONIO VISCONTI,1
9,410,154,5,10436,ATELIER DES ORS,1
9,410,154,5,10437,ATELIER MATERI,1
9,24,106,5,10438,AUBADE,1
9,25,135,5,10439,AXIS BLACK,1
9,25,135,5,10440,AXIS GLAMOUR,1
9,25,135,5,10441,AXIS MIDNIGHT,1
9,25,135,5,10442,AXIS ORIGINAL,1
9,25,135,5,10443,AXIS SO PRECIOUS,1
9,25,135,5,10444,AXIS WINNER,1
9,411,65,5,10445,BEYONCE HEAT,1
9,38,118,5,10446,BOTTEGA VENETTA,1
9,379,134,5,10447,BOUCHERON,1
9,39,78,5,10448,BRIONI,1
9,42,74,5,10449,CABOTINE,1
9,50,149,5,10450,CARIBEAN JOE,1
9,51,87,5,10451,CARITA HAUTE BEAUTE TEINT,1
9,413,89,5,10452,CATHERINE MALANDRINO,1
9,414,57,5,10453,CELINE DION BELONG,1
9,57,103,5,10454,CHANEL COCO,1
9,415,101,5,10455,CHAUGAN ,1
9,62,54,5,10456,CHOPARD,1
9,66,75,5,10457,CHRISTIAN SIRIANO,1
9,67,91,5,10458,CHRISTIANO RONALDO LEGACY,1
9,251,67,5,10459,CLAUDE MONTANA,1
9,57,103,5,10460,COCO,1
9,77,139,5,10461,COLLISTAR,1
9,77,139,5,10462,COLLISTAR  BENESSERE DELL'AMORE,1
9,77,139,5,10463,COLLISTAR  MAKEUP LIPS,1
9,77,139,5,10464,COLLISTAR  MILANO LOOK,1
9,77,139,5,10465,COLLISTAR  PURO,1
9,77,139,5,10466,COLLISTAR ART DESIGN,1
9,77,139,5,10467,COLLISTAR AUTUMN AND WINTER COLLECTION,1
9,77,139,5,10468,COLLISTAR BENESSERE,1
9,77,139,5,10469,COLLISTAR BENESSERE DEI SENSI,1
9,77,139,5,10470,COLLISTAR BRONE LOOK,1
9,77,139,5,10471,COLLISTAR CAPRI COLLECTION,1
9,77,139,5,10472,COLLISTAR CHRISTMAS COLLECTION,1
9,77,139,5,10473,COLLISTAR CHRISTMAS PROMOTION,1
9,77,139,5,10474,COLLISTAR HAPPY BIRTHDAY COLLECTIONS,1
9,77,139,5,10475,COLLISTAR LIBERA COLLECTION,1
9,77,139,5,10476,COLLISTAR MAKEUP EYES,1
9,77,139,5,10477,COLLISTAR MAKEUP FACE,1
9,77,139,5,10478,COLLISTAR MAKEUP LIPS,1
9,77,139,5,10479,COLLISTAR MAKEUP NAILS,1
9,77,139,5,10480,COLLISTAR MAKEUP NAILS 3 IN 1,1
9,77,139,5,10481,COLLISTAR MILANO LOOK 2012,1
9,77,139,5,10482,COLLISTAR NEW SPRING SUMMER,1
9,77,139,5,10483,COLLISTAR PARLAMI D'AMORE FLOW,1
9,77,139,5,10484,COLLISTAR PERFECT NAILS,1
9,77,139,5,10485,COLLISTAR PORTOFINO,1
9,77,139,5,10486,COLLISTAR PRESTIGE COLLECTION,1
9,77,139,5,10487,COLLISTAR PROFUMO DI ENERGIA,1
9,77,139,5,10488,COLLISTAR SPRING SUMMER COLLECTION,1
9,77,139,5,10489,COLLISTAR SUN COLLECTION,1
9,77,139,5,10490,COLLISTAR TOP GLOSS STICK,1
9,77,139,5,10491,COLLISTAR TRANSPARENCY S/S,1
9,77,139,5,10492,COLLISTAR TWIST,1
9,77,139,5,10493,COLLISTAR UOMO,1
9,88,60,5,10494,DAVID BECKHAM INITIMATELY BECKHAM,1
9,88,60,5,10495,DAVID BECKHAM SIGNATURE,1
9,89,52,5,10496,DAVIDOFF HOT WATER,1
9,89,52,5,10497,DAVIDOFF SILVER SHADOW,1
9,93,141,5,10498,DDP ALOE,1
9,93,141,5,10499,DDP COLLECTION 17,1
9,93,141,5,10500,DDP COLLECTION FW 16,1
9,93,141,5,10501,DDP COLLECTION FW10,1
9,93,141,5,10502,DDP COLLECTION FW11,1
9,93,141,5,10503,DDP COLLECTION FW12,1
9,93,141,5,10504,DDP COLLECTION FW13,1
9,93,141,5,10505,DDP COLLECTION FW19,1
9,93,141,5,10506,DDP COLLECTION SM13,1
9,93,141,5,10507,DDP COLLECTION SS12,1
9,93,141,5,10508,DDP COLLECTION SS13,1
9,93,141,5,10509,DDP COLLECTION SS14,1
9,93,141,5,10510,DDP COLLECTION SS16,1
9,93,141,5,10511,DDP COLLECTION SS17,1
9,93,141,5,10512,DDP COLLECTION SS19,1
9,93,141,5,10513,DDP COLLECTION-FW15,1
9,93,141,5,10514,DDP COLLECTION-SS15,1
9,93,141,5,10515,DDP COLLEZIONE F/W 08,1
9,93,141,5,10516,DDP CRUISE COLLECTION 15,1
9,93,141,5,10517,DDP CRUISE COLLECTION 18,1
9,93,141,5,10518,DDP CRUISE COLLECTION 2020,1
9,93,141,5,10519,DDP FESTIVE KITS 2020,1
9,93,141,5,10520,DDP FW COLLECTION 18,1
9,93,141,5,10521,DDP GOLDEN SUN,1
9,93,141,5,10522,DDP LIP AND EYE LINER,1
9,93,141,5,10523,DDP LIPS-MATT,1
9,93,141,5,10524,DDP MAKEUP EYES,1
9,93,141,5,10525,DDP MAKEUP FACE,1
9,93,141,5,10526,DDP MAKEUP LIPS,1
9,93,141,5,10527,DDP MAKEUP NAILS,1
9,93,141,5,10528,DDP OH MARIJU,1
9,93,141,5,10529,DDP OH MY BODYGUARD,1
9,93,141,5,10530,DDP PARTY COLLECTION -16,1
9,93,141,5,10531,DDP PARTY COLLECTION 17,1
9,93,141,5,10532,DDP PARTY COLLECTION 18,1
9,93,141,5,10533,DDP PARTY COLLECTION-15,1
9,93,141,5,10534,DDP REFILL SYSTEM-EYESHADOWS,1
9,93,141,5,10535,DDP SKIN CARE FACE,1
9,93,141,5,10536,DDP SKIN LAB,1
9,93,141,5,10537,DDP SUMMER COLLECTION,1
9,93,141,5,10538,DDP THE BODY TRAINER,1
9,93,141,5,10539,DDP-AROUND THE MAKEUP,1
9,93,141,5,10540,DDP-AROUND THE MAKE-UP,1
9,93,141,5,10541,DDP-BLUSH,1
9,93,141,5,10542,DDP-BRONZING POWDER,1
9,93,141,5,10543,DDP-BRUSHES,1
9,93,141,5,10544,DDP-BRUSHES AND ACCESSORIES,1
9,93,141,5,10545,DDP-COMPACT POWDER FOUNDATION,1
9,93,141,5,10546,DDP-CONCEALER,1
9,93,141,5,10547,DDP-EYE PENCIL,1
9,93,141,5,10548,DDP-EYE SHADOW,1
9,93,141,5,10549,DDP-EYEBROW,1
9,93,141,5,10550,DDP-EYELINER,1
9,93,141,5,10551,DDP-EYESHADOW,1
9,93,141,5,10552,DDP-FACE-COVER,1
9,93,141,5,10553,DDP-FACE-FOUNDATION,1
9,93,141,5,10554,DDP-FOUNDATION,1
9,93,141,5,10555,DDP-HAIR CARE,1
9,93,141,5,10556,DDP-KAJAL,1
9,93,141,5,10557,DDP-LIP PENCIL,1
9,93,141,5,10558,DDP-LIPSTICK,1
9,93,141,5,10559,DDP-LIQUID LIPSTICK,1
9,93,141,5,10560,DDP-MAKEUP STAY ON ME,1
9,93,141,5,10561,DDP-MAKEUP STUDIO,1
9,93,141,5,10562,DDP-MASCARA,1
9,93,141,5,10563,DDP-NAILS,1
9,93,141,5,10564,DDP-POWDER,1
9,93,141,5,10565,DDP-SKIN CARE FACE,1
9,93,141,5,10566,DDP-SKINLAB,1
9,93,141,5,10567,DDP-THE EYEBROW STUDIO,1
9,92,113,5,10568,DIANE VON FURSTENBERG,1
9,98,103,5,10569,DISNEY,1
9,101,119,5,10570,DSQUARED POTION,1
9,106,115,5,10571,E. MARINELLA,1
9,107,150,5,10572,ED HARDY VILLAIN,1
9,108,162,5,10573,EDDY MONETTI ASSIA,1
9,108,162,5,10574,EDDY MONETTI CARUSO,1
9,108,162,5,10575,EDDY MONETTI HOMME,1
9,108,162,5,10576,EDDY MONETTI INSOLENTE,1
9,108,162,5,10577,EDDY MONETTI ROSELLA,1
9,111,85,5,10578,ELIE SAAB,1
9,111,85,5,10579,ELIE SAAB FOREVER,1
9,111,85,5,10580,ELIE SAAB GIRL OF NOW,1
9,111,85,5,10581,ELIE SAAB LA COLLECTION,1
9,111,85,5,10582,ELIE SAAB LE PARFUM,1
9,115,88,5,10583,ENGLISH LAUNDRY,1
9,115,88,5,10584,ENGLISH LAUNDRY NO. 7,1
9,115,88,5,10585,ENGLISH LAUNDRY NOTTING HILL,1
9,115,88,5,10586,ENGLISH LAUNDRY OXFORD BLEU,1
9,115,88,5,10587,ENGLISH LAUNDRY SIGNATURE,1
9,115,88,5,10588,ENGLISH LAUNDRY TAHITIAN WATERS,1
9,116,137,5,10589,ENRICO COVERI,1
9,417,133,5,10590,ERMENEGILDO ZEGNA,1
9,120,69,5,10591,ESCADA,1
9,418,62,5,10592,ESPRIT CELEBRATION,1
9,418,62,5,10593,ESPRIT COLLECTION,1
9,418,62,5,10594,ESPRIT CONNECT,1
9,418,62,5,10595,ESPRIT IMAGINE,1
9,418,62,5,10596,ESPRIT LIFE,1
9,123,152,5,10597,EVA LONGORIA,1
9,128,114,5,10598,FERAUD,1
9,132,163,5,10599,FIFTY CENTS,1
9,200,72,5,10600,FLOWER BY KENZO,1
9,135,90,5,10601,FORD MUSTANG,1
9,135,90,5,10602,FORD MUSTANG SPORT,1
9,136,98,5,10603,FRANCK BOCLET FRAGRANCE COLLECTION,1
9,136,98,5,10604,FRANCK BOCLET ROCK AND RIOT BLACK,1
9,420,127,5,10605,G BY GIORGIO,1
9,419,125,5,10606,GAS BIJOUX,1
9,421,74,5,10607,GRES,1
9,152,158,5,10608,GREY FLANNEL,1
9,163,109,5,10609,HORSEBALL,1
9,169,80,5,10610,INITIO,1
9,422,97,5,10611,IROHA NATURE,1
9,422,97,5,10612,IROHA NATURE BEAUTY TIME,1
9,422,97,5,10613,IROHA NATURE DETOX,1
9,422,97,5,10614,IROHA NATURE EYE PADS,1
9,422,97,5,10615,IROHA NATURE FACE MASK,1
9,423,59,5,10616,ISABELLA ROSSELLINI ,1
9,170,82,5,10617,ISSEY MIYAKE L'EAU D'ISSEY,1
9,170,82,5,10618,ISSEY MIYAKE L'EAU D'ISSEY POUR HOMME,1
9,170,82,5,10619,ISSEY MIYAKE NUIT D'ISSEY,1
9,424,112,5,10620,JEAN COUTURIER,1
9,178,128,5,10621,JEAN PATOU,1
9,179,83,5,10622,JEAN PAUL GAULTIER,1
9,181,151,5,10623,JENNIFER ANISTON,1
9,182,56,5,10624,JENNIFER LOPEZ MY GLOW,1
9,425,111,5,10625,JESSE MCCARTNEY,1
9,183,159,5,10626,JESSICA SIMPSON,1
9,191,93,5,10627,JUDITH LEIBER,1
9,191,93,5,10628,JUDITH LEIBER AMETHYST,1
9,191,93,5,10629,JUDITH LEIBER CORAL,1
9,191,93,5,10630,JUDITH LEIBER TOPAZ,1
9,222,71,5,10631,JUICY COUTURE,1
9,193,143,5,10632,JUICY COUTURE PEACE OF LOVE,1
9,194,121,5,10633,JULIETTE HAS A GUN,1
9,195,122,5,10634,JUNGLE MAGIC,1
9,197,138,5,10635,JUVENTUS MAN,1
9,197,138,5,10636,JUVENTUS WOMAN,1
9,426,64,5,10637,KATE MOSS VELVET HOUR,1
9,200,72,5,10638,KENZO COULEUR,1
9,200,72,5,10639,KENZO HOMME,1
9,200,72,5,10640,KENZO HOMME SPORT,1
9,200,72,5,10641,KENZO JUNGLE,1
9,200,72,5,10642,KENZO LE MONDE EST BEAU,1
9,200,72,5,10643,KENZO PARFUM D'ETE,1
9,200,72,5,10644,KENZO POUR HOMME,1
9,202,146,5,10645,KIM KARDASHIAN,1
9,202,146,5,10646,KIM KARDASHIAN-FLEUR FATALE,1
9,202,146,5,10647,KIM KARDASHIAN-SIGNATURE,1
9,202,146,5,10648,KIM KARDASHIAN-TRUE REFLECTION,1
9,207,122,5,10649,KUNG FU PANDA,1
9,427,161,5,10650,LA ROSE DE ROSINE,1
9,210,66,5,10651,LACOSTE ELEGANCE,1
9,210,66,5,10652,LACOSTE ESSENTIAL,1
9,210,66,5,10653,LACOSTE POUR HOMME,1
9,210,66,5,10654,LACOSTE RED,1
9,212,76,5,10655,LALIQUE AMETHYST,1
9,212,76,5,10656,LALIQUE AZALEE,1
9,212,76,5,10657,LALIQUE DE LALIQUE,1
9,212,76,5,10658,LALIQUE ENCRE NOIRE,1
9,212,76,5,10659,LALIQUE FLEUR DE CRISTAL,1
9,212,76,5,10660,LALIQUE L'AMOUR,1
9,212,76,5,10661,LALIQUE LE PARFUM,1
9,212,76,5,10662,LALIQUE LES COMPOSITIONS PARFUMEES,1
9,212,76,5,10663,LALIQUE L'INSOUMIS,1
9,212,76,5,10664,LALIQUE MON PREMIER CRYSTAL,1
9,212,76,5,10665,LALIQUE NOIR PREMIER,1
9,212,76,5,10666,LALIQUE POUR HOMME,1
9,212,76,5,10667,LALIQUE REVE D'INFINI,1
9,212,76,5,10668,LALIQUE SATINE,1
9,212,76,5,10669,LALIQUE WHITE,1
9,427,161,5,10670,LE MUGET DE ROSINE,1
9,200,72,5,10671,L'EAU PAR KENZO,1
9,200,72,5,10672,L'EAU PAR KENZO HOMME,1
9,220,112,5,10673,LEONARD,1
9,427,161,5,10674,LES PARFUMS DE ROSINE BALLERINA,1
9,427,161,5,10675,LES PARFUMS DE ROSINE ECUME DE ROSE,1
9,427,161,5,10676,LES PARFUMS DE ROSINE GLAM ROSE,1
9,427,161,5,10677,LES PARFUMS DE ROSINE LES EXTRAVAGANTS,1
9,427,161,5,10678,LES PARFUMS DE ROSINE LES ROSE,1
9,427,161,5,10679,LES PARFUMS DE ROSINE LOTUS ROSE,1
9,427,161,5,10680,LES PARFUMS DE ROSINE MAJALIS,1
9,427,161,5,10681,LES PARFUMS DE ROSINE MANGOLINA,1
9,427,161,5,10682,LES PARFUMS DE ROSINE ROSE D'AMOUR,1
9,427,161,5,10683,LES PARFUMS DE ROSINE ROSE DES NEIGES,1
9,427,161,5,10684,LES PARFUMS DE ROSINE ROSE D'ETE,1
9,427,161,5,10685,LES PARFUMS DE ROSINE ROSE D'HOME,1
9,427,161,5,10686,LES PARFUMS DE ROSINE ROSE KASHMIRIE,1
9,427,161,5,10687,LES PARFUMS DE ROSINE ROSE NUE,1
9,427,161,5,10688,LES PARFUMS DE ROSINE ROSEBERRY,1
9,427,161,5,10689,LES PARFUMS DE ROSINE SECRETS DE ROSE,1
9,427,161,5,10690,LES PARFUMS DE ROSINE UN ZESTE DE ROSE,1
9,427,161,5,10691,LES PARFUMS DE ROSINE UNE FOLIE DE ROSE,1
9,427,161,5,10692,LES PARFUMS DE ROSINE VIVE LA MARIEE,1
9,421,74,5,10693,LES SIGNES DE GRES,1
9,428,112,5,10694,LITTLE MARCEL,1
9,212,76,5,10695,LIVING LALIQUE,1
9,222,71,5,10696,LIZ CLAIBORNE REALITIES,1
9,222,71,5,10697,LIZ CLAIBORNE SOUL,1
9,222,71,5,10698,LIZ CLAIBORNE SPARK,1
9,225,140,5,10699,LOR BLANC,1
9,226,138,5,10700,LOTTO ELEMENTS,1
9,226,138,5,10701,LOTTO GRAVITY POWER,1
9,226,138,5,10702,LOTTO MAN,1
9,226,138,5,10703,LOTTO WOMAN,1
9,429,73,5,10704,LULU GUINNESS,1
9,200,72,5,10705,MADLY KENZO,1
9,292,68,5,10706,MAKEUP-SETS,1
9,430,100,5,10707,MAP OF THE HEART,1
9,241,92,5,10708,MAUBOUSSIN,1
9,241,92,5,10709,MAUBOUSSIN POUR LUI RANGE,1
9,241,92,5,10710,MAUBOUSSIN PROMISE ME RANGE,1
9,244,136,5,10711,MERCEDES BENZ CLUB,1
9,244,136,5,10712,MERCEDES BENZ FLANKER,1
9,244,136,5,10713,MERCEDES BENZ FOR MEN,1
9,244,136,5,10714,MERCEDES BENZ INTENSE,1
9,244,136,5,10715,MERCEDES BENZ LE PARFUM,1
9,244,136,5,10716,MERCEDES BENZ MAN,1
9,244,136,5,10717,MERCEDES BENZ SELECT,1
9,244,136,5,10718,MERCEDES BENZ THE MOVE,1
9,244,136,5,10719,MERCEDES BENZ VIP CLUB,1
9,244,136,5,10720,MERCEDES BENZ WOMAN,1
9,292,68,5,10721,MISS PUPA,1
9,431,61,5,10722,MISS SIXTY ELIXIR,1
9,432,99,5,10723,MOMENTS 4ME,1
9,251,67,5,10724,MONTANA,1
9,251,67,5,10725,MONTANA PARFUM DE FEMME,1
9,251,67,5,10726,MONTANA PARFUM DE PEAU,1
9,258,84,5,10727,NARCISO RODRIGUEZ,1
9,258,84,5,10728,NARCISO RODRIGUEZ FOR HER,1
9,258,84,5,10729,NARCISO RODRIGUEZ FOR HIM,1
9,412,53,5,10730,NEW BOGNER,1
9,433,55,5,10731,NIKOS SCULPTURE,1
9,434,117,5,10732,NOBILE 1942,1
9,265,153,5,10733,ONYRICO ENYGMA,1
9,265,153,5,10734,ONYRICO ITINERIS,1
9,265,153,5,10735,ONYRICO MICHELANGELO,1
9,265,153,5,10736,ONYRICO ROSSA BOHEME,1
9,265,153,5,10737,ONYRICO UNGUENTUM,1
9,435,70,5,10738,ORLANE BE 21,1
9,436,160,5,10739,OSCAR DE LA RENTA,1
9,436,160,5,10740,OSCAR DE LA RENTA ESSENTIAL LUXURIES,1
9,437,107,5,10741,PARFUMS PAROUR PRIVATE PERFUMER,1
9,292,68,5,10742,PBK-NON-CONVENTIONAL BEAUTY,1
9,273,164,5,10743,PENGUIN ORIGINAL,1
9,273,164,5,10744,PENGUIN RESERVE,1
9,438,104,5,10745,PEPE JEANS FOR HER,1
9,438,104,5,10746,PEPE JEANS FOR HIM,1
9,212,76,5,10747,PERLES DE LALIQUE,1
9,277,155,5,10748,PERRY ELLIS 360 COLLECTION,1
9,277,155,5,10749,PERRY ELLIS AQUA,1
9,277,155,5,10750,PERRY ELLIS SPIRITED,1
9,281,58,5,10751,PIERRE CARDIN,1
9,439,96,5,10752,PIERRE PRECIEUSE DIAMOND COLLECTION,1
9,290,124,5,10753,PREMIERE NOTE,1
9,440,102,5,10754,PRUDENCE COLLECTION IMPERIALE,1
9,440,102,5,10755,PRUDENCE COLLECTION MONSIEUR,1
9,292,68,5,10756,PUPA 4 EYES,1
9,292,68,5,10757,PUPA 4 EYES KIT,1
9,292,68,5,10758,PUPA 4SUN,1
9,292,68,5,10759,PUPA 50'S DREAM,1
9,292,68,5,10760,PUPA ACTIVE LIGHT,1
9,292,68,5,10761,PUPA AEF,1
9,292,68,5,10762,PUPA BAROQUE FIO,1
9,292,68,5,10763,PUPA BEAUTY SALON,1
9,292,68,5,10764,PUPA BEAUTY TOUCH,1
9,292,68,5,10765,PUPA BLACK AND WHITE EFFECT,1
9,292,68,5,10766,PUPA BLUE PARADISE,1
9,292,68,5,10767,PUPA BODY LOTION,1
9,292,68,5,10768,PUPA BODY MIST,1
9,292,68,5,10769,PUPA BRONZE MANIA,1
9,292,68,5,10770,PUPA BRONZING AND GLOWING,1
9,292,68,5,10771,PUPA BRONZING COLLECTION,1
9,292,68,5,10772,PUPA BUTTERFLY,1
9,292,68,5,10773,PUPA CHINA DOLL,1
9,292,68,5,10774,PUPA CHROME,1
9,292,68,5,10775,PUPA CITY SAFARI,1
9,292,68,5,10776,PUPA COLORFUL PLUMAGE,1
9,292,68,5,10777,PUPA CONTOURING AND STROBING,1
9,292,68,5,10778,PUPA CORAL ISLAND,1
9,292,68,5,10779,PUPA COVER,1
9,292,68,5,10780,PUPA DECO DIAMOND,1
9,292,68,5,10781,PUPA DENIM JEANS NAIL POLISH,1
9,292,68,5,10782,PUPA DIAMOND POCHETTE,1
9,292,68,5,10783,PUPA DISCO NEON,1
9,292,68,5,10784,PUPA DIVA'S,1
9,292,68,5,10785,PUPA DIVA'S ROUGE,1
9,292,68,5,10786,PUPA DOT SHOCK,1
9,292,68,5,10787,PUPA EASY LINER,1
9,292,68,5,10788,PUPA ENHANCING BODY MIST,1
9,292,68,5,10789,PUPA EXTREME BLUSH,1
9,292,68,5,10790,PUPA EXTREME BRONZE,1
9,292,68,5,10791,PUPA EXTREME MATT,1
9,292,68,5,10792,PUPA EYEBROW MANIA,1
9,292,68,5,10793,PUPA EYEBROW PENCIL,1
9,292,68,5,10794,PUPA FOLK WAVES,1
9,292,68,5,10795,PUPA FONDOTINTA ANTITRACCIA,1
9,292,68,5,10796,PUPA GEL TOP COAT,1
9,292,68,5,10797,PUPA GLAMOUROSE,1
9,292,68,5,10798,PUPA GLITTER NAIL POLISH,1
9,292,68,5,10799,PUPA GLITTERING,1
9,292,68,5,10800,PUPA GLOW OBSESSION,1
9,292,68,5,10801,PUPA GOLD ME,1
9,292,68,5,10802,PUPA GOLDEN CASINO,1
9,292,68,5,10803,PUPA HIGH COVERAGE,1
9,292,68,5,10804,PUPA HOLOGRAPHIC,1
9,292,68,5,10805,PUPA HOME SPA,1
9,292,68,5,10806,PUPA HOT TROPICS,1
9,292,68,5,10807,PUPA I'M,1
9,292,68,5,10808,PUPA I'M DIVINE,1
9,292,68,5,10809,PUPA I'M HOLOGRAPHIC,1
9,292,68,5,10810,PUPA I'M LOVEPROOF,1
9,292,68,5,10811,PUPA I'M MATT,1
9,292,68,5,10812,PUPA I'M METALLIC PERFECT,1
9,292,68,5,10813,PUPA I'M NUDE,1
9,292,68,5,10814,PUPA I'M PERFECT,1
9,292,68,5,10815,PUPA I'M PRECIOUS,1
9,292,68,5,10816,PUPA I'M PURE COLOUR,1
9,292,68,5,10817,PUPA I'M SEXY,1
9,292,68,5,10818,PUPA I'M UNIQUE,1
9,292,68,5,10819,PUPA JEANS N ROSES,1
9,292,68,5,10820,PUPA JELLY GLOW-MINI,1
9,292,68,5,10821,PUPA JUMBO LINER,1
9,292,68,5,10822,PUPA LASTING COLOR,1
9,292,68,5,10823,PUPA LASTING COLOR EXTREME,1
9,292,68,5,10824,PUPA LASTING COLOR GEL,1
9,292,68,5,10825,PUPA LAVANDA,1
9,292,68,5,10826,PUPA LIGHT UP THE NIGHT,1
9,292,68,5,10827,PUPA LIKE A DOLL,1
9,292,68,5,10828,PUPA LIP PERFECTION,1
9,292,68,5,10829,PUPA LUMI ELIXIR,1
9,292,68,5,10830,PUPA LUMINYS,1
9,292,68,5,10831,PUPA LUMINYS TOUCH,1
9,292,68,5,10832,PUPA MADE TO LAST,1
9,292,68,5,10833,PUPA MAGIC,1
9,292,68,5,10834,PUPA MAKEUP ACCESSORIES,1
9,292,68,5,10835,PUPA MAKEUP STORIES,1
9,292,68,5,10836,PUPA MAKEUP-SETS,1
9,292,68,5,10837,PUPA MANDORLA,1
9,292,68,5,10838,PUPA MATERIAL LUXURY,1
9,292,68,5,10839,PUPA MATT EXTREME,1
9,292,68,5,10840,PUPA MOSAIC EFFECT,1
9,292,68,5,10841,PUPA MULTIFUNCTION SUN CARE,1
9,292,68,5,10842,PUPA MULTIPLAY,1
9,292,68,5,10843,PUPA NAIL ACCESSORIES,1
9,292,68,5,10844,PUPA NAIL ART MANIA,1
9,292,68,5,10845,PUPA NAIL CARE,1
9,292,68,5,10846,PUPA NAIL PENCIL,1
9,292,68,5,10847,PUPA NATURAL,1
9,292,68,5,10848,PUPA NATURAL CHIC,1
9,292,68,5,10849,PUPA NATURAL SIDE,1
9,292,68,5,10850,PUPA NATURAL SILK,1
9,292,68,5,10851,PUPA NAVY CHIC,1
9,292,68,5,10852,PUPA NEW CHIC,1
9,292,68,5,10853,PUPA PARIS EXPERIENCE,1
9,292,68,5,10854,PUPA PARTY ON,1
9,292,68,5,10855,PUPA PERFUMES,1
9,292,68,5,10856,PUPA PINK MUSE,1
9,292,68,5,10857,PUPA PRECIOUS CREAMY,1
9,292,68,5,10858,PUPA PRECIOUS GOLD,1
9,292,68,5,10859,PUPA PRIME ME,1
9,292,68,5,10860,PUPA PRINCESS,1
9,292,68,5,10861,PUPA PRIVEE,1
9,292,68,5,10862,PUPA PROFESSIONAL,1
9,292,68,5,10863,PUPA PROFESSIONAL BRUSHES,1
9,292,68,5,10864,PUPA PUPALASH,1
9,292,68,5,10865,PUPA PUPART,1
9,292,68,5,10866,PUPA RED QUEEN,1
9,292,68,5,10867,PUPA RETRO ILLUSION,1
9,292,68,5,10868,PUPA RICH ELIXIR,1
9,292,68,5,10869,PUPA ROCK AND ROSE,1
9,292,68,5,10870,PUPA ROLL LINER,1
9,292,68,5,10871,PUPA ROSA,1
9,292,68,5,10872,PUPA SANDY MATT,1
9,292,68,5,10873,PUPA SAVANNA,1
9,292,68,5,10874,PUPA SILK TOUCH,1
9,292,68,5,10875,PUPA SKIN COLOR,1
9,292,68,5,10876,PUPA SKINNY LINER,1
9,292,68,5,10877,PUPA SNOW QUEEN,1
9,292,68,5,10878,PUPA SOFT AND WILD,1
9,292,68,5,10879,PUPA SPARKLING ATTITUDE,1
9,292,68,5,10880,PUPA SPORT ADDICTED,1
9,292,68,5,10881,PUPA SPORTY CHIC,1
9,292,68,5,10882,PUPA STAY GOLD,1
9,292,68,5,10883,PUPA SUGAR CANDY,1
9,292,68,5,10884,PUPA TRUE EYES,1
9,292,68,5,10885,PUPA TRUE LIPS,1
9,292,68,5,10886,PUPA ULTRA SMOOTHING,1
9,292,68,5,10887,PUPA ULTRAFLEX,1
9,292,68,5,10888,PUPA UNDER WATER,1
9,292,68,5,10889,PUPA UNEXPECTED BEAUTY,1
9,292,68,5,10890,PUPA URBAN INSPIRATION,1
9,292,68,5,10891,PUPA VAMP!,1
9,292,68,5,10892,PUPA VELVET GARDEN,1
9,292,68,5,10893,PUPA VERY VINTAGE,1
9,292,68,5,10894,PUPA VINTAGE CHIC,1
9,292,68,5,10895,PUPA VISIONARY WOOD,1
9,292,68,5,10896,PUPA VIVA CARIOCA,1
9,292,68,5,10897,PUPA VOLUME,1
9,292,68,5,10898,PUPA WING LINER,1
9,292,68,5,10899,PUPA WONDER COVER,1
9,441,63,5,10900,SARAH JESSICA PARKER DAWN,1
9,441,63,5,10901,SARAH JESSICA PARKER LOVELY,1
9,441,63,5,10902,SARAH JESSICA PARKER TWILIGHT,1
9,315,129,5,10903,SHISEIDO,1
9,315,129,5,10904,SHISEIDO ACCESSORIES,1
9,315,129,5,10905,SHISEIDO ADENOGEN,1
9,315,129,5,10906,SHISEIDO BB CREAM,1
9,315,129,5,10907,SHISEIDO BENEFIANCE,1
9,315,129,5,10908,SHISEIDO BIO PERFORMANCE,1
9,315,129,5,10909,SHISEIDO BRILLIANT BRONZE,1
9,315,129,5,10910,SHISEIDO DAILY BRONZE,1
9,315,129,5,10911,SHISEIDO DEODRANT,1
9,315,129,5,10912,SHISEIDO ESSENTIAL ENERGY,1
9,315,129,5,10913,SHISEIDO ESSENTIALIST,1
9,315,129,5,10914,SHISEIDO EVERBLOOM,1
9,315,129,5,10915,SHISEIDO EXPERT SUN,1
9,315,129,5,10916,SHISEIDO FUTURE SOLUTION,1
9,315,129,5,10917,SHISEIDO HAIR CARE,1
9,315,129,5,10918,SHISEIDO IBUKI,1
9,315,129,5,10919,SHISEIDO IMPERIALLASH,1
9,315,129,5,10920,SHISEIDO INNERGLOW,1
9,315,129,5,10921,SHISEIDO LACQUERINK,1
9,315,129,5,10922,SHISEIDO MAKEUP CONCEALER,1
9,315,129,5,10923,SHISEIDO MAKEUP EYES,1
9,315,129,5,10924,SHISEIDO MAKEUP FOUNDATIONS,1
9,315,129,5,10925,SHISEIDO MAKEUP LIPS,1
9,315,129,5,10926,SHISEIDO MAKEUP POWDER,1
9,315,129,5,10927,SHISEIDO MEN,1
9,315,129,5,10928,SHISEIDO MEN SKIN CARE,1
9,315,129,5,10929,SHISEIDO MODERNMATTE,1
9,315,129,5,10930,SHISEIDO PERFECT,1
9,315,129,5,10931,SHISEIDO PERFUMES,1
9,315,129,5,10932,SHISEIDO PURENESS,1
9,315,129,5,10933,SHISEIDO PURIFYING,1
9,315,129,5,10934,SHISEIDO REFRESHING,1
9,315,129,5,10935,SHISEIDO REPLENISHING,1
9,315,129,5,10936,SHISEIDO SGB,1
9,315,129,5,10937,SHISEIDO SHEER AND PERFECT,1
9,315,129,5,10938,SHISEIDO SKIN CARE,1
9,315,129,5,10939,SHISEIDO SKIN CARE-BENEFIANCE,1
9,315,129,5,10940,SHISEIDO SKIN CARE-SETS,1
9,315,129,5,10941,SHISEIDO SMK,1
9,315,129,5,10942,SHISEIDO SMK BIG BANG,1
9,315,129,5,10943,SHISEIDO SPARKLING,1
9,315,129,5,10944,SHISEIDO SUN CARE,1
9,315,129,5,10945,SHISEIDO SUN PROTECTION,1
9,315,129,5,10946,SHISEIDO SYNCHRO,1
9,315,129,5,10947,SHISEIDO THE MAKEUP,1
9,315,129,5,10948,SHISEIDO THE SKINCARE,1
9,315,129,5,10949,SHISEIDO ULTIMATE,1
9,315,129,5,10950,SHISEIDO URBAN ENVIRONMENT,1
9,315,129,5,10951,SHISEIDO UV PROTECTIVE,1
9,315,129,5,10952,SHISEIDO VISIONAIRY,1
9,315,129,5,10953,SHISEIDO WASO,1
9,315,129,5,10954,SHISEIDO WHITE LUCENT,1
9,212,76,5,10955,SOLEIL LALIQUE,1
9,322,90,5,10956,SPONGEBOB SQUAREPANTS,1
9,327,157,5,10957,SUCCESS BY TRUMP,1
9,330,145,5,10958,SWEET YEARS,1
9,335,116,5,10959,TEO CABANEL,1
9,442,95,5,10960,THOMAS SABO CHARM CLUB,1
9,442,95,5,10961,THOMAS SABO EAU DE KARMA,1
9,442,95,5,10962,THOMAS SABO REBEL AT HEART,1
9,443,103,5,10963,TONINO LAMBORGHINI,1
9,416,120,5,10964,UBER DUETO PARFUMS,1
9,345,142,5,10965,UNGARO APPARITION,1
9,345,142,5,10966,UNGARO FEMININE,1
9,347,79,5,10967,V CANTO EXTRAIT DE PARFUM,1
9,350,165,5,10968,VALENTINO,1
9,398,132,5,10969,VAN CLEEF AND ARPELS,1
9,361,90,5,10970,WINX FAIRY COUTURE,1
9,364,110,5,10971,YES FOR LOVE,1
9,365,131,5,10972,YSL,1
9,366,135,5,10973,YUJIN FEROCE,1
9,366,135,5,10974,YUJIN MEN,1
9,366,135,5,10975,YUJIN PARADISE,1
9,265,153,5,10976,ZEPHIRO,1
9,444,126,5,10977,ZILLI,1
9,89,52,5,10978,ZINO DAVIDOFF,1
9,445,130,5,10979,ZIRH CORDUROY,1
